"0","compilation.export <- compilation %>%"
"0","  filter(str_detect(ExtractID, ""\\w"")) %>%"
"0","  left_join(extracts.export) %>%"
"0","  left_join(samples.export) %>% distinct() %>%"
"0","  select(SampleID,"
"0","         CollectionDate,"
"0","         Subj_Certainty,"
"0","         Subject,"
"0","         SampleCollectedBy,"
"0","         SampleNotes,"
"0","         ExtractID,"
"0","         ExtractDate,"
"0","         ExtractConc,"
"0","         ExtractedBy,"
"0","         ExtractKit,"
"0","         ExtractBox,"
"0","         ExtractNotes,"
"0","         LibraryCode,"
"0","         LibPrepWorkflow,"
"0","         LibPrepDate,"
"0","         SequenceID,"
"0","         LibraryTube,"
"0","         LibraryBarcode,"
"0","         LibraryConc_QC2     = Conc_QC2,"
"0","         LibraryTotalPoolVol = TotalPoolVol) %>%"
"0","  arrange(SampleID, LibraryCode, LibraryTube)"
"2","Joining with `by = join_by(ExtractID, SampleID, ExtractConc)`"
"2","Warning: Detected an unexpected many-to-many relationship between `x` and `y`."
"2","Joining with `by = join_by(SampleID, CollectionDate, Subj_Certainty, Subject, n_16s_sample)`"
